deg,mos_pred,model
9.wav,3.863346576690674,NISQA_TTS_v1
0.wav,3.8886377811431885,NISQA_TTS_v1
4.wav,4.163519382476807,NISQA_TTS_v1
1.wav,4.275750160217285,NISQA_TTS_v1
2.wav,3.4831244945526123,NISQA_TTS_v1
6.wav,4.349552154541016,NISQA_TTS_v1
8.wav,4.271938323974609,NISQA_TTS_v1
3.wav,3.6796951293945312,NISQA_TTS_v1
5.wav,4.345401287078857,NISQA_TTS_v1
7.wav,4.298731327056885,NISQA_TTS_v1
